<?xml version="1.0" encoding="UTF-8"?>

<atlassian-plugin key="${atlassian.plugin.key}" name="${project.name}" plugins-version="2">
  <plugin-info>
    <description>${project.description}</description>
    <version>${project.version}</version>
    <vendor name="${project.organization.name}" url="${project.organization.url}"/>
    <param name="plugin-icon">images/pluginIcon.png</param>
    <param name="plugin-logo">images/pluginLogo.png</param>
  </plugin-info>
  <!-- add our i18n resource -->
  <resource type="i18n" name="i18n" location="iDalko"/>
  <!-- add our web resources -->
  <web-resource key="iDalko-resources" name="iDalko Web Resources">
    <dependency>com.atlassian.auiplugin:ajs</dependency>
    <resource type="download" name="iDalko.css" location="/css/iDalko.css"/>
    <resource type="download" name="iDalko.js" location="/js/iDalko.js"/>
    <resource type="download" name="images/" location="/images"/>
    <context>iDalko</context>
  </web-resource>
  <customfield-type name="Balanced Parentheses" i18n-name-key="balanced-parentheses.name" key="balanced-parentheses" class="com.example.plugins.tutorial.jira.jira.customfields.BalancedParentheses">
    <description key="balanced-parentheses.description">The Balanced Parentheses Plugin</description>
    <resource name="view" type="velocity" location="/templates/customfields/balanced-parentheses/view.vm"/>
    <resource name="edit" type="velocity" location="/templates/customfields/balanced-parentheses/edit.vm"/>
  </customfield-type>
</atlassian-plugin>
